target,browser,player,codec,platform,user,data_points,mean,stdev,fold_1,fold_2,fold_3,fold_4,fold_5,fold_6,fold_7,fold_8,fold_9,fold_10
codec,*,MPLAYER,*,*,*,4800,48.09375,1.226382793806422,49.895833333333336,46.35416666666667,48.4375,48.75,48.229166666666664,46.5625,49.166666666666664,46.979166666666664,46.979166666666664,49.583333333333336
codec,*,MPV,*,*,*,4800,48.854166666666664,0.6538481177697998,48.75,49.166666666666664,49.791666666666664,47.5,49.0625,48.95833333333333,48.854166666666664,49.6875,48.75,48.020833333333336
codec,*,VLC,*,*,*,4800,63.500000000000014,1.4123709380565266,64.16666666666667,62.39583333333333,62.39583333333333,63.854166666666664,66.5625,64.47916666666667,61.77083333333333,61.77083333333333,63.33333333333333,64.27083333333333
