target,browser,player,codec,platform,user,data_points,mean,stdev,fold_1,fold_2,fold_3,fold_4,fold_5,fold_6,fold_7,fold_8,fold_9,fold_10
platform,*,*,*,*,*,14400,98.06944444444444,0.22189646262042326,98.02083333333333,98.36805555555556,97.98611111111111,98.125,98.125,98.26388888888889,97.98611111111111,97.56944444444444,98.33333333333333,97.91666666666666
