target,browser,player,codec,platform,user,data_points,mean,stdev,fold_1,fold_2,fold_3,fold_4,fold_5,fold_6,fold_7,fold_8,fold_9,fold_10
player,*,*,*,*,*,14400,82.18749999999999,0.7693930488250135,83.09027777777777,82.39583333333333,83.29861111111111,82.88194444444444,81.5625,82.1875,82.53472222222223,81.66666666666667,81.52777777777777,80.72916666666666
