target,browser,player,codec,platform,user,data_points,mean,stdev,fold_1,fold_2,fold_3,fold_4,fold_5,fold_6,fold_7,fold_8,fold_9,fold_10
player,*,*,sample.3gp,*,*,3600,80.97222222222221,1.4632852434517702,80.13888888888889,82.36111111111111,78.19444444444444,81.80555555555556,79.30555555555556,82.5,82.91666666666667,81.38888888888889,81.25,79.86111111111111
player,*,*,sample.flv,*,*,3600,80.52777777777779,1.453762678681058,80.97222222222223,77.91666666666667,81.66666666666667,81.11111111111111,81.11111111111111,80.69444444444444,81.94444444444444,77.5,81.38888888888889,80.97222222222223
player,*,*,sample.mkv,*,*,3600,79.83333333333333,1.389999555910756,78.88888888888889,80.41666666666667,79.30555555555556,77.77777777777779,80.97222222222223,80.13888888888889,80.97222222222223,82.63888888888889,78.47222222222221,78.75
player,*,*,sample.mp4,*,*,3600,81.55555555555554,1.3844373104863468,80.83333333333333,80.13888888888889,82.36111111111111,83.47222222222223,79.30555555555556,82.5,83.05555555555556,80.0,81.11111111111111,82.77777777777777
