target,browser,player,codec,platform,user,data_points,mean,stdev,fold_1,fold_2,fold_3,fold_4,fold_5,fold_6,fold_7,fold_8,fold_9,fold_10
browser,*,*,*,*,*,14400,99.40972222222223,0.11620278146306638,99.47916666666666,99.54861111111111,99.375,99.34027777777777,99.20138888888889,99.375,99.58333333333333,99.40972222222221,99.51388888888889,99.27083333333333
