target,browser,player,codec,platform,user,data_points,mean,stdev,fold_1,fold_2,fold_3,fold_4,fold_5,fold_6,fold_7,fold_8,fold_9,fold_10
codec,CHROME,*,*,*,*,4800,51.802083333333336,1.3250474965281647,50.625,50.83333333333333,51.87500000000001,53.333333333333336,50.0,52.1875,50.0,54.0625,52.5,52.604166666666664
codec,EDGE,*,*,*,*,3600,59.20833333333333,1.4205420848446595,59.30555555555556,58.19444444444445,60.138888888888886,60.27777777777777,57.91666666666667,56.666666666666664,61.66666666666667,60.138888888888886,57.91666666666667,59.86111111111111
codec,FIREFOX,*,*,*,*,4800,34.1875,1.6068700165228047,35.520833333333336,33.020833333333336,33.541666666666664,35.208333333333336,31.666666666666664,33.958333333333336,34.6875,32.083333333333336,34.89583333333333,37.291666666666664
codec,SAFARI,*,*,*,*,1200,54.416666666666664,1.81811868577262,56.666666666666664,54.166666666666664,53.75,55.41666666666667,50.416666666666664,56.666666666666664,55.41666666666667,53.333333333333336,52.916666666666664,55.41666666666667
