target,browser,player,codec,platform,user,data_points,mean,stdev,fold_1,fold_2,fold_3,fold_4,fold_5,fold_6,fold_7,fold_8,fold_9,fold_10
codec,*,*,*,*,*,14400,47.510416666666664,0.7612089986728313,47.604166666666664,47.673611111111114,47.53472222222222,47.88194444444444,48.229166666666664,46.076388888888886,46.59722222222222,46.770833333333336,48.68055555555556,48.05555555555556
